 ,designation,description,productid,imageid
0,Olivia: Personalisiertes Notizbuch / 150 Seiten / Punktraster / Ca Din A5 / Rosen-Design,,3804725264,1263597046
1,Journal Des Arts (Le) N° 133 Du 28/09/2001 - L'art Et Son Marche Salon D'art Asiatique A Paris - Jacques Barrere - Francois Perrier - La Reforme Des Ventes Aux Encheres Publiques - Le Sna Fete Ses Cent Ans.,,436067568,1008141237
2,Grand Stylet Ergonomique Bleu Gamepad Nintendo Wii U - Speedlink Pilot Style,"PILOT STYLE Touch Pen de marque Speedlink est 1 stylet ergonomique pour GamePad Nintendo Wii U.<br> Pour un confort optimal et une précision maximale sur le GamePad de la Wii U: ce grand stylet hautement ergonomique est non seulement parfaitement adapté à votre main mais aussi très élégant.<br> Il est livré avec un support qui se fixe sans adhésif à l'arrière du GamePad<br> <br> Caractéristiques:<br> Modèle: Speedlink PILOT STYLE Touch Pen<br> Couleur: Bleu<br> Ref. Fabricant: SL-3468-BE<br> Compatibilité: GamePad Nintendo Wii U<br> Forme particulièrement ergonomique excellente tenue en main<br> Pointe à revêtement longue durée conçue pour ne pas abîmer l'écran tactile<br> En bonus : Support inclu pour GamePad<br> <span class=""vga_style2""><b></b><br>",201115110,938777978
3,Peluche Donald - Europe - Disneyland 2000 (Marionnette À Doigt),,50418756,457047496
4,La Guerre Des Tuques,Luc a des id&eacute;es de grandeur. Il veut organiser un jeu de guerre de boules de neige et s'arranger pour en &ecirc;tre le vainqueur incontest&eacute;. Mais Sophie s'en m&ecirc;le et chambarde tous ses plans...,278535884,1077757786
5,Afrique Contemporaine N° 212 Hiver 2004 - Dossier Japon / Afrique,,5862738,393356830
6,Christof E: Bildungsprozessen Auf Der Spur,,91920807,907794536
7,Conquérant Sept Cahier Couverture Polypro 240 X 320 Mm 96 Pages 90g Seyès Incolore,CONQUERANT CLASSIQUE Cahier 240 x 320 mm seyès incolorecouverture en Polypro 96 pages agrafé papier de 90 g/m2(400006764),344240059,999581347
8,Puzzle Scooby-Doo Avec Poster 2x35 Pieces,,4239126071,1325918866
9,Tente Pliante V3s5-Pro Pvc Blanc - 3 X 4m50 - Longueur : 4m50 Largeur : 3 M Blanc H,Tente pliante V3S5 Pro PVC 500 gr/m² - 3 x 4m50.Que vous soyez un particulier pour votre jardin ou un professionnel pour stand commercial ou pour vos réceptions le barnum V3S5 Pro de 135 m² sera vous combler.Imaginez un <strong>stand</strong> robuste léger adaptable à chacun pliable et peu encombrant... Le déploiement ultra-rapide et le réglage de la hauteur se font maintenant via des poignées d&#39;indexage. Nous avons également entièrement repensé les pièces de jonction et les coulissants : plus rigides et légères elles sont aussi maintenant 30% plus résistantes.  la <strong>tente pliante</strong> V3 Pro de <strong>qualité professionnelle </strong>et de<strong> fabrication française </strong>est complètement adaptable et deviendra l&#39;outil indispensable à votre activité. Toujours en vue d&#39;améliorer votre quotidien cette version du V3 se veut encore plus résistante au temps.Un traitement <strong>ignifugé </strong>répond aux exigences de sécurité en vigueur (certifié M2) et sa facilité d&#39;entretien en fait un allié pour toutes les occasions.Le produit de base est composé d&#39;une structure d&#39;un toit en bâche PVC 500 gr/m² et d&#39;une housse. Après à vous de configurer vos <strong>façades</strong> comme vous le souhaitez.Avantages<ul><li>Facile à monter</li><li>Traitement anti feu</li><li>Façades aux choix</li><li><strong>Caractéristiques</strong></li><li>Coloris blanc</li><li>PVC blanc 500 gr/m² ignifugé M2</li><li>Indexation via poignées : blocage du stand sans effort.</li><li>3 Hauteurs réglables via indexeurs.</li><li>Croisillons : 1 renfort interne et 2 renforts externes inox.</li><li>Embases : fonte d&#39;aluminium (10 mm).</li><li>Anneaux d&#39;haubanage.</li><li>Structure 100 % Aluminium / visserie en INOX.</li><li>Pièces de jonctions renforcées (polypropylène &#43; 30% fibre de verre) </li><li>Fils haute ténacité hydrofuges</li><li>Pied coulissant et système de guidage intégré</li><li>Pieds hexagonaux en aluminium (épaisseur 2 mm) </li><li>Renforts de toit PVC</li><li>Finition du toit intégrant un biais sergé </li><li>Auto agrippant 50 mm </li><li>Maintien du toit par auto agrippants</li><li>Encombrement refermé inférieur à 1m²</li><li>Dimensions</li><li>3 x 4m50</li><li>2 mâts</li><li>Hauteur du faîtage 3m10 à 3m26</li><li>Hauteur sous bandeau 1m95 à 2m11</li><li>Dimensions repliées 035 x 050 x 158m</li></ul>,3793572222,1245644185
10,Eames Inspired Sxw Chair - Pink - Black,The timeless DSW seat can now be paired with more types of legs! These wood legs look like a natural fit for the seat and will make a safe choice for any interior. This chair will be perfect  in offices kitchens and dining rooms.  <ul><li><strong>Ideal for :</strong> kitchen Living room office waiting room or reception</li><li><strong>Available Colours :</strong> white red blue baby blue black yellow orange olive dark orange chocolate light green warm grey beige light grey blue ocean pink fushia green tree graphite tarmac and royal blue</li><li><strong>Other Features :</strong> avalaible with or without amrests.</li></ul>,1915836983,1111840281
11,Fauteuil Chesterfield Brenton 100% Cuir De Buffle - Vert Empire,Canapé et fauteuil chesterfield en cuir antique BR ENTON . Coloris : Chocolat vert empire ou Rouge Cherry Disponible en canapé 4 places 3 places 2 places et fauteuil. Ses &#43; : - Un design mythique Succombez au design mythique du style Chesterfield et son capitonnage marqué du dossier qui font du salon BRENTON un modèle tendance et intemporel. Optez pour la couleur chocolat et ses reflets châtain ou sortez du commun avec le rouge cherry. Vous apprécierez lattention portée aux détails tels que le capitonnage de la structure de lassise et les coutures daccoudoirs cloutées. - Des matériaux premium Vous serez séduits par son cuir antique qui patiné à la main apporte au salon BRENTON son aspect vieilli très tendance. À la fois esthétique et agréable au toucher succombez au cuir de buffle pleine fleur qui confère à ce canapé toute son élégance. Le cuir pleine fleur est la première couche de la peau de l&#39;animal. Non corrigé il a conservé sa surface d&#39;origine appelée la fleur laissant apercevoir le grain naturel de la peau. Matière noble et luxueuse le cuir pleine fleur est particulièrement doux et agréable au toucher. - Un confort optimal A la douceur du cuir plein fleur s&#39;ajoute  le confort du garnissage en mousse haute résilience qui vous garantit un confort absolu et durable. Choisir le BRENTON c&#39;est opter pour un canapé haut de gamme qui vous apportera une satisfaction totale et durable. Caractéristiques techniques : LINEA SOFA :  La collection de salons LINEA SOFA répond aux désirs de confort et d&#39;ésthétisme de ceux qui recherchent des produits d&#39;exception. Spécialisée dans les salons de designers haut de gamme la marque LINEA SOFA donne de la personnalité à votre intérieur ! Un soin extrême est apporté à la fabrication de ces produits de luxe aux finitions irréprochables conçus dans des matériaux nobles exclusivement. Toujours à la pointe des tendances LINEA SOFA tient à proposer sans cesse des collections à la fois fonctionnelles et uniques au nuancier de couleurs innovantes. Cuir de buffle Pleine fleur . Matière noble et luxueuse le cuir pleine fleur est particulièrement doux et agréable au toucher. Fleur corrigée et pigmentée  épaisseur 09 - 11 mm. Cuir antique : Cuir pleine fleur patiné à la main pour un aspect vieilli et brillant durable Ce salon est recouvert exclusivement de cuir de buffle pleine fleur vous garantissant ainsi qualité confort et longévité. Assise et dossier garnis de mousse de polyuréthane haute résilience. Utilisée en literie la mousse haute résilience est plus confortable et plus robuste que les mousses classiques et vous assure donc un plus grand confort et une meilleure résistance au cours du temps. Densité d&#39;assise 40 kg/ m3 pour la première couche 30 kg/m3 pour la deuxième couche et 22 kg/m3 pour la troisième couche. Densité du dossier et des accoudoirs : 30 kg/ m3 pour la première couche 22 kg/m3 pour la seconde couche . Suspension du dossier sur sangles élastiques et ressorts. Suspension de l&#39;assise sur ressorts hélicoïdaux .  Structure et pieds en bois. Bon à savoir : Le cuir de buffle est un cuir dont le relief est plus important son grain est à la fois naturel et irrégulier. Ces caractéristiques en font un matériau particulièrement résistant et qualitatif  qui lui vaut le surnom de diamant du cuir. Dimensions : - du canapé 4 places : L240 x P99 x H73 cm - du canapé 3 places : L201 x P96 x H73 cm - du canapé 2 places : L160 x P96 x H73 cm - du fauteuil : L105 x P96 x H73 cm Hauteur d&#39;assise: 46 cm Profondeur d&#39;assise: 57 cm Veillez à bien vérifier les dimensions de votre porte/escalier pour la livraison. Le délai de livraison de ce produit vous sera confirmé dans votre panier. Dimensions et colis : Fauteuil BRENTON : Produit : Longueur 105 cm Largeur 96 cm Hauteur 73 cm Poids 36 kg Colis : Longueur 112 cm Largeur 103 cm Hauteur 80 cm Poids 36 kg,4127967621,1295816984
12,Peaceable Kingdom Wheres Bear? The Hide And Find Stacking Block Game For 2 Year Olds,pCan my 2-year-old play a game? Yes Each game in our 2 year old collection is designed so that your child will experience what its like to take turns play within the rules (even loosely) and possibly learn a new skill like rolling a die. Unlike games for older children however you dont win or lose any of these game s- you play to explore you play to learn and you play to connect and have quality time with your little one. Since 1983 play has been the heart and soul of Peaceable Kingdom. Silly play special play wholehearted play We create experiences to help kids play well together so they can play well in the world. Our games and gifts connect kids and families encourage learning and self-expression and let imaginations soar. And if a piece of your Peaceable Kingdom game or gift gets lost in all that fun we will gladly send you a replacement piece - just contact us directly with your need When play comes from the heart and feeds the soul thats Peaceable Kingdom.p,3287127001,1204199842
13,Paire De Voilages Imprimés Fantaisie,Paire de voilages droits fantaisie qui mettra votre intérieur en valeurUn parement uni à petits coeurs suivi d&#39;un petit galon coloré en forme également de coeur qui viendra faire la jonction avec la partie inférieure rayée ton sur ton en coloris écru2 coloris: gris et rouge2 dimensions:  60 x 120 cm et  60 x 160 cmFinition de tête a ourlet passe tringlePrêt-à-poserLa base et les côtés sont ourlés Caractéristiques:Coloris: gris et rougeFinition: ourlet à passe tringleComposition: 73% polyester et 27% cotonDimensions: 60 x 120 cm et 60 x 160 cm Vendu à la pairePrêt-à-poser,1882164320,1109088140
14,Matelas Mémoire De Forme 180x200 X 20 Cm Très Ferme - Déhoussable Housse Lavable - 7 Zones De Confort - Noyau Poli Lattex Hr Dernière Génération - Très Respirant,MATELAS:<br />Â· Accueil : Ferme .<br />Â· Soutien : Très Ferme .<br />Â· Technologie matelas : Face été &#43; à¢me en Mousse Poli Lattex Dernière Génération Indéformable Très Haute Résilience - Face Hiver 45 cm de Mousse à  Mémoire de Forme Très Haute Densité 60 Kg/m3 &#34; Massante&#34;<br />Â· Épaisseur du matelas : &#43;/- 20 cm.<br />Â· REPOS PLUS SAIN grà¢ce au Traitement Anti-acariens / anti-bactérien / Anti-moisissures.<br />Â· Très Bonne Indépendance de couchage.<br />Â· DORMEZ TRANQUILLE avec la Garantie 5 ans.  Il est Compatible avec les Sommiers Mécaniques et électriques<br />Coutil:<br />Â· Coutil stretch matelassé de 290 gr/m2 de Polyester avec traitement Sanitized. Faces de couchage Réversibles - Déhoussable sur 3 Cà¿tés et Housse Lavable à  30Â° position Lavage à  la main Délicat -<br />Â· SANITIZED : Traitement antibactérien et anti-moisissures diminuant également le développement des odeurs.<br />Structure et garnissage du matelas:<br />Â· Faces Dormeur : 15 cm de mousse profilée à  Haute Ventilation pour Maximiser le Confort &#43; coutil en tissu 3D pour la bonne Respiration du noyau matelassé Air System.<br />Â· Tissu Hyper Respirant réalisé en 3 dimensions qui permet une circulation libre de l&#39;air offrant ainsi une plus grande ventilation et dâ¿¿hygiène.<br />Â· Plate-bande: Tissu Hyper RESPIRANT matelassé avec de la ouate polyester <br />Â· à¿me noyau : bloc de 15 cm de Mousse HAUTE RESILIENCE Poli Lattex dernière génération Indéformable<br />Â·  La structure du matelas est divisée en 7 incroyables zones de confort qui s&#39;adaptent à  tous types de morphologies et aident à  libérer les tensions musculaires pour soulager les maux de dos provoqués par de mauvaises postures au cours de la journée.<br />Â· TISSUS CERTIFIES : Système de Qualité Certifié Oeko-tex 100  Certipur testé contre les substances nocives. Certification ISO 9001,4108914287,1292441752
15,Zenith Pince Agrafeuse 591 N°10 Coloris Noir,Pince agrafeuse 591 N°10. Capot en ABS. Dispositif anti-blocage. Mécanisme et corps métal. Agrafage : 15 feuilles.  Capacité : 200 agrafes n°10. Profondeur de gorge : 46 mm. Livrée avec 1 boîte d&#39;agrafes n°10. En boite individuelle.,3718150116,1237257586
16,Walter Scott Oeuvres Complètes Tomes 3456 10 Et 11,,3735707499,1239242410
17,Mod Podge Dishwasher Safe Gloss 8oz,,2666371748,1156191369
18,Power Rangers Rouge Force Mystic Figurine Transformable 18 Cm,,91015572,857195931
19,Monde Illustre (Le) N° 3083 Du 20/01/1917 - L'emprunt De La Victoire En Angleterre - Le Meeting Du Guildhall - Lloyd George - Bonar Law Et Mac Kenna - La Conference Des Allies - Briand - Barrere - Le General Palitzine,,570628142,1027257229
20,Kit de désinfection pour piscines enfants 20990,,3936362802,1268740880
21,Glitter Beach Barbie By Barbie,Original Barbie Doll. Contains glitter lotion..,3228900895,1199384348
22,Le Seigneur Des Anneaux Figurine En Plomb À Peindre Avec Son Socle : Sam,,1893048509,1110089245
23,Véhicule Star Wars A-Ast5,véhicule vintage de la saga star wars le A-AST5,279822475,978593209
24,Mini Wifi 720p Caméra Drone Rc Quadcopter 24 Ghz 4ch 6-Axis Gyro 3d Ufo Fpv Rc _1975 @Cocoworld-Générique,Mini Wifi 720P Caméra Drone RC Quadcopter 24 GHz 4CH 6-Axis Gyro 3D UFO FPV RC Description: Marque: DHD D4 Point NO.:D4 Fréquence: 24 GHz canal: 4 canaux Axe: 6 axes Couleur: Vert bleu Copter batterie: 3.7V 220mAh temps de vol: A propos 6mins temps de charge: à propos de 50mins contrôle à distance: environ 50 m taille du produit: 105 * 105 * 3cm Caractéristiques: 4 canaux mini quadcopter. le mode de détection de gravité rend plus intéressant de contrôler le drone. Avec la caméra 720P il permet de prendre des photos et enregistrer des vidéos. Wifi FPV en temps réel apporte le monde devant vous. Avec la lumière LED pour la nuit flight.With 3D flips « n » roll peut rendre votre vol plus drôle. vous permettent de voir la vue HD en direct de la caméra FPV et tenir au courant de ce qui se passe dans l&#39;air. la technologie 2.4G adoptée pour l&#39;anti-ingérence. encore plus d&#39;un quadcopter vole en même temps ils ne vont pas interférer les uns avec les autres. 6-Axis vol quad-giravion gyroscope une forte stabilité peut facilement mettre en ¿uvre divers mouvements de vol plus forte résistance au vent plus facile à contrôler. Avec la lumière LED deviennent plus en sécurité dans le ciel nocturne. mini portable cellule de pliage peuvent être montés dans le contrôle à distance de véhicules aériens équipés de plein air sac de vol Voyage facile sans pression Fonctions: haut / bas tourner à gauche / droite avant / arrière gauche / droite sidewayfly flips 3D « n » roll avec LED paquet contient: 1 x Quadcopter (720p camera sans fil) 1 x batterie 1 x télécommande 1 x étui de protection extérieure 1 x support de téléphone 1 x Quadcoper chargeur USB 4 x 4 garde lame x 1 x Manuel peut facilement mettre en ¿uvre divers mouvements de vol plus forte résistance au vent plus facile à contrôler. Avec la lumière LED deviennent plus en sécurité dans le ciel nocturne. mini portable cellule de pliage peuvent être montés dans le contrôle à distance de véhicules aériens équipés de plein air sac de vol Voyage facile sans pression Fonctions: haut / bas tourner à gauche / droite avant / arrière gauche / droite sidewayfly flips 3D « n » roll avec LED paquet contient: 1 x Quadcopter (720p camera sans fil) 1 x batterie 1 x télécommande 1 x étui de protection extérieure 1 x support de téléphone 1 x Quadcoper chargeur USB 4 x 4 garde lame x 1 x Manuel peut facilement mettre en ¿uvre divers mouvements de vol plus forte résistance au vent plus facile à contrôler. Avec la lumière LED deviennent plus en sécurité dans le ciel nocturne. mini portable cellule de pliage peuvent être montés dans le contrôle à distance de véhicules aériens équipés de plein air sac de vol Voyage facile sans pression Fonctions: haut / bas tourner à gauche / droite avant / arrière gauche / droite sidewayfly flips 3D « n » roll avec LED paquet contient: 1 x Quadcopter (720p camera sans fil) 1 x batterie 1 x télécommande 1 x étui de protection extérieure 1 x support de téléphone 1 x Quadcoper chargeur USB 4 x 4 garde lame x 1 x Manuel,3748203527,1240721678
25,Dsi + Chargeur + Sacoche + 12 Jeux,,211334790,948608572
26,Modèle De Voiture 4pcs Alliage Métallique 1.9in Jante De Roue Pour 1/10 Traxxas Trx4 Hsp Scx10 D90 Rc Voiture,4pcs alliage métallique 1.9in jante de roue pour 1/10 Traxxas TRX4 HSP SCX10 D90 RC Car Description: Ces haute qualité moyeux de roue 19 pouces sont en alliage métallique durable et solide. Ils conviennent pour les pneus de 1/10 Traxxas HSP Redcat Tamiya axiale SCX10 D90 Hpi RC 4 roues motrices voiture. Avec sa qualité formidable et la performance il peut répondre aux besoins des utilisateurs. Alors venez prendre la maison excellent choix vous permettra de profiter plus de plaisir. 19 pouces jante de la roue de blocage. En métal et 100% tout neuf et durable. Diamètre extérieur: 54 mm Epaisseur: 25 mm de jante de roue Hex: 15mm Taille du paquet: 115 x 115 x 28 cm Couleur: Noir Poids: 250g Matériel: Métal Package comprend: 4 x moyeu de roue,4137059841,1297749086
27,Faber-Castell Lot De 3 Crayons De Couleur Polychromos Mine 38mm À L&#39;Huile Vert Emeraude,FABER-CASTELL Crayon de couleur POLYCHROMOS vert émeraudepour artistes hexagonal résistant à l&#39;essuyage et auxintempéries mine craie à l&#39;huile solideépaisseur de mine: 38 mm longueur: 176 mm(110163)couleur: 163,2536863974,1148154575
28,Univers (L') N° 249 Du 12/09/1854 - France - Paris 11 Septembre 1854 Par Du Lac - Protestation Par Joseph,,570663184,1027317460
29,Dragon Ball Super - Bt3-070 - C-13 Les Prémisses De La Peur - Peu Commune,,3226779852,1202890774
30,Lampe De Lecture Rechargeable Led Lampe De Beauté Lampe De Protection Des Yeux Lampe Froide Col De Cygne Lampe Moderne Lampe De Bureau Rechargeable,Nom de la marque:SYTH<br />Ampoules incluses:Oui<br />Certification:CCC<br />Matériel du corps:En aluminium<br />Type d&#39;ombre:ABS<br />Voltage:5V<br />Matériel:En aluminium<br />Numéro du modèle:SYTH-DMSH-001<br />Style:Moderne<br />Type de découpage:Bouton-Poussoir<br />Source de lumière:Ampoules à led<br />Type de l&#39;article:Lampes de bureau<br />Source d&#39;énergie:Dc<br />Terminer:Fer<br />Réglable:Oui<br />feature 1:table lamp<br />feature 2:desk lamp<br />feature 3:led table lamp<br />feature 4:led desk lamp<br />feature 5:study lamp<br />feature 6:table light<br />feature 7:usb led<br />feature 8:book light<br />feature 9:reading light<br />feature 10:reading lamp,4198487181,1313675704
31,X-Men 3 - The Movie,,49132716,874730792
32,2 Cagettes De Rangement Happy Life - 40 X 30 Cm - Beige,Organisez et rangez de manière scandinave votre intérieur grâce à ce lot de deux cagettes aux citations débordantes de bonne humeur. Empilables vous pourrez facilement les ranger pour obtenir un gain de place optimal.<br />Notre Idée Déco : disposez-les sous une table basse dans un meuble de rangement ou tout simplement dans un coin de votre salon en tant que objets de rangement décoratifs.<br />FICHE TECHNIQUE<br />- Cagettes en bois de différentes tailles.<br /><br />CARACTERISTIQUES TECHNIQUES<br />- Dimensions de la grande cagette : L. 40 x l. 30 x H. 20 cm.<br />- Dimensions de la petite cagette : L. 35 x l. 25 x H. 16 cm.<br />- Poids : 201 kg.,3079667218,1195260111
33,Lindner 2365-2115ce Coin Case Nera Xl With 3 Trays And Black Coin Inserts With 90 Rectangular Compartments For Coins/Coin Capsules Up To Ø 38 Mm,Timeless elegance a clear design versatility functionality and most of all a special haptics touch - these are the distinguished features of our NERA series. The grained structure of the material in conjunction with the crÃ¿me colored stitching grants this series its individual character. The graphite colored and padded lining of the lid of each Nera case provides an attractive contrast to the inserts and your coins. The coin trays are covered with a high-quality velour-like surface. Coin case with black grained surface in leather optic and crÃ¿me colored stitching. Graphite colored and padded lining of the lid. With 3 trays and black coin inserts with 30 rectangular compartments. The coin inserts are covered with a high quality velour-like surface. Format: 310 mm x 255 mm x 82 mm. Suitable for coins/coin capsules up to Ø 38 mm.,3817904723,1248853903
34,The Lord Or Thé Rings,,4237073471,1324384878
35,Decoration De Noel Christmas Snowman Kitchen Table Chair Covers Holiday Home Decoration,Christmas Snowman Kitchen Table Chair Covers Holiday Home Decoration Description:Product Name:Christmas ornamentsBrand new and high quality.Occasion: Party BanquetrestaurantVery easy to use simply stretch over the chairMaterial:ClothColor: RedBlueBlackGreenSize: 58X40CMTips: Due to the difference between different monitors the picture may not reflect the actual color of the item. Thanks! Package Included: 1x Chair Cover,4211197055,1317753478
36,30 Spots Encastrable Orientable Blanc Avec Gu10 Led De 5w Eqv. 40w Blanc Froid 6000k,<b>Lot de 30 Spots encastrable orientable BLANC avec GU10 LED de 5W &#61; 40W</b> <p><b>Kit contenant: x30 Douilles GU10 &#43; x30 Ampoules GU10 5W &#43; x30 Colerettes Blanche</b></p> <p></p> <p><b>L&#39;Ampoules LED 5W GU10 </b>fait partie d une vaste gamme de lampes d ambiance à LED de longue durée faible consommation et brillamment conçues avec un <b>culot GU10</b> sans avoir à changer votre installation.</p> <p>Avec une remarquable combinaison de technologie haute efficacité et une forme innovante <b>L&#39;Ampoules LED GU10 5W </b>fournit la qualité de lumière que vous attendez.</p> <p>Elle dure jusqu à 25 fois plus longtemps et fournit jusqu à 82 % d économies d énergie.</p> <p>De plus d êtres design <b>l&#39;Ampoules LED GU10 5W </b>à une efficacité de rayonnement pouvant s&#39;étendre jusqu&#39;a 150°. <b>L&#39;Ampoules LED GU10 5W</b> sont les mêmes ou meilleures que les <b>Ampoules E27</b> standards mais elles consomment moins d&#39;énergie.</p> <p>Solution économique et écologique de nouvelle génération utilisation dans les maisons bureaux restaurants hôtels et bâtiments publics.Elle remplace entièrement la lampe incandescence ou halogène standard. </p> <p>Installation facile longue durée de vie.</p> <p></p> <p><b>Avantage:</b></p> <p>- Durée de vie : 25.000 heures<br />- Consomme jusqu à 85 % moins d énergie<br />- Ampoule LED omnidirectionnelle homogène et équilibrée<br />- Allumage instantané</p> <p>L&#39;efficacité énergétique et une longue durée de vie des <b>Ampoules LED GU10</b> engendrent moins de remplacements de lampe en comparaison avec les sources incandescentes et halogènes standards.</p> <p></p> <p></p> <b>Douille en céramique GU10 avec câble gainé 230 Volts - Classe 2</b> <p>Connecteur électrique automatique (pas de vis) avec double connexion pour un montage en parallèle (arrivée pour le spot et départ pour le spot suivant) &#34;Sucre&#34; de protection clipsable Dimensions (longueur x diamètre) &#61; 175 x 30 mm. </p> <p>Conforme aux Normes CE - RoHS - EMC <br /><br />Douille pour ampoule à culot GU10/GZ10 automatique<br />Corps isolant en steatite<br />Fil silicone 075mm²<br />Câble gainé<br />Sucre de protection avec fermeture à clipser ( pas besoin de vis ) amovible.<br />Double connexion pour montage en série clipsable sans besoin de s&#39;aider d&#39;un outil.<br />Longueur 15cm <br />Résistant à 250°C</p> <p></p> <p></p> <b>Collerette Orientable Ronde Blanche </b> <p>Dimensions : diamètre 65mm Perçage d&#39;encastrement : pour 90mm de diamètre total </p> <p>Ce support encastrable blanc est idéale grâce à son centre orientable. Cela permet de diffuser la lumière dans une direction choisie. Son diamètre de 90 mm et le trou de coupe de 65 mm. L&#39;ampoule se place par l&#39;avant très pratique lorsque l&#39;on veut la changer. </p> <p>Sa couleur blanche permet de l&#39;intégrer sans problème à votre plafond blanc ou coloré.</p> <p></p>  <p>Puissance</p>  <p>5W</p>  <p>Douille</p>  <p>GU10</p>  <p>Alimentation</p>  <p>AC175-265V</p>  <p>Flux lumineux</p>  <p>400 Lm</p>  <p>Puissance des LEDs</p>  <p>5W</p>  <p>Fréquence de fonctionnement</p>  <p>50-60Hz</p>  <p>Couleur de la lumière</p>  <p>4500K</p>  <p>Angle de la lumière</p>  <p>110°</p>  <p>Ra</p>  <p>&gt;80</p>  <p>Consommation</p>  <p>5KWh/1000h</p>  <p>Température de fonctionnement</p>  <p>-30°C / &#43;50°C</p>  <p>Matériel</p>  <p>Thermoplastic &#43; Aluminium</p>  <p>Degré de protection</p>  <p>IP20</p>  <p>Taille</p>  <p>?50x57 mm</p>  <p>Poids</p>  <p>0.077 kg</p>  <p>Exploitation</p>  <p>&gt; 25 000 Heures</p> ,3847254406,1264434293
37,Nouveau 01h20 Échelle Alloy Mini Pull Back Voiturette W / Clubs Diecast Jouets Modèle Du Véhicule,NOUVEAU 01h20 échelle Alloy Mini Pull Back Voiturette w Clubs Modèle Caractéristiques Toy Diecast véhicule: 100% qualité de la marque nouvelle et haute. 1:20 mini-échelle se retirent de golf avec des clubs modèle diecast Tirez la voiture et relâchez la voiture va aller vite et en douceur: Alliage &#43; Plastique Couleur: Jaune Rouge Bleu Vert Taille: environ 115 x 57 x 75 cm x 453 x 224 2.95inch note: tir de lumière et différents affichages peut provoquer la couleur de l&#39;élément dans l&#39;image un peu différente de la vraie chose. L&#39;erreur de mesure est autorisée &#43; - 1-3cm. Contenu du coffret: 1 x Golf Cart Modèle Toy,4007155304,1275613423
38,4pcs Décor Coussin Indépendance Style Jeter Covers Taie D'oreiller,4pcs Décor Coussin Independence Day Style de Throw Taie d&#39;oreiller Couvre vente de produits Point: Il peut être utilisé pour décorer le salon faire paraître à la maison chaleur plus confortable. Coussin décoratif couverture utilisé pour 18x18 pouces oreiller inserts (pls noter: Les insertions ne sont pas inclus et le motif de peinture d&#39;un seul côté). taies d&#39;oreiller facile de faire correspondre votre canapé canapé  autre pillows.Soft et durable pour les deux à l&#39;intérieur (salon bureau chambre etc.) et à l&#39;extérieur (terrasse voiture etc.). Fermeture à glissière cachée Conçu draps en coton Coussin Coffre-fort à la machine wash.Or par lavage à sec hand.Dot Non Bleach.Tumble Low.Do Non fer. Fait de draps en coton durable et écologique Materials.Keep votre place propre et Throw Pillow contre zéro les traces de doigts. Description Matériel: Coton Lin (approx.): 18 &#34;x18&#34; / 45cm * 45cm La taille peut avoir un écart de 0.5-2cm en raison de produit par date. Remarque: S&#39;il vous plaît permettre erreur mineure en raison de la mesure manuelle. En raison de la différence entre les différents moniteurs l&#39;image peut ne pas refléter la couleur réelle de l&#39;article. Le forfait comprend: 4pcs  Taie d&#39;oreiller (non coussin intérieur inclus),4012748163,1276344493
39,Bouée gonflable River tube - OOGARDEN,Bouée gonflable River tube en PVC idéale pour des parties de glissade sur l&#39;eau.Dimensions article gonflé : 107 x 107 x 30 cmDimensions article plat : 122 cmMatière : PVCInclus : Corde de maintienConfortablement installé accrochez vous à cette Bouée gonflable River tube pour des jeux de glisse à la Piscine ou à la mer !,3147314797,1225887302
40,Mini Console De Jeux Double Joueurs 8 Bits Console De Jeux Vidéo 620 Enfance Jeux Classiques Av Out Family Tv Contrôleur De Jeux Rétro,Nom de la marque:NoEnName_Null<br />Affichage de couleur:Oui<br />Ecran tactile:Pas de<br />Numéro du modèle:CoolBaby<br />Paquet:Oui<br />Communication:USB,4200874030,1316147329
41,Présentoir À Biscuits Et Chocolats,,1548294503,1092313319
42,Pilot Mr Stylo Plume Moyenne Design Crocodile Noir/Bleu,Couleur:Crocodile Noir/Bleu. Description du produit: Une touche d'esprit sauvage dans votre écriture. Stylo-Plume Premium avec plume en acier et corps en métal. Rechargeable avec des cartouches DIN standards      Points forts: Rechargeable,824469524,1054895962
43,Non Toxique Effacer Slime Coul Beau Mélange Nuage Slime Relief Enfants Jouets Stress,Non toxique Effacer Slime Couleur Beau mélange Nuage Slime Relief enfants Stress Jouets Caractéristiques: Fabriqué avec des matières premières respectueuses de l&#39;environnement 100% sûr et non toxiques. Soyez assuré de jouer mais n&#39;eat.Safe pour les enfants à utiliser! non toxiques pour les enfants à jouer. Ne peut pas être mangé pas trop petits enfants. Parfait pour soulager le stress. Comme vous presser plier rouler et tirez la boue des heures de plaisir la satisfaction des bruits et un grand cadeau. choix de cadeau idéal pour les enfants. jouet de boue merveilleux pour les garçons et les filles. Grand soulagement du stress pour les adultes et les enfants. Aucun Post-it - moins collante que des autres Fluffy Slime alors essayez la nôtre de se débarrasser de adhésivité. Grande cohérence texture étonnante. Super facile à jouer Slime juste le sortir du pot et de trouver votre façon préférée de jouer avec cette boue pelucheux. Aussi idéal pour les arts l&#39;artisanat et les projets scolaires. En jouant visuel les enfants peuvent exercer leurs mains d&#39;améliorer la motricité développer des yeux de la main. Caractéristiques: Matière: boue boue Poids de la marchandise: poids unique sur les 140g Capacité du produit: 120ml Paquet: 1 x 120ml boue d&#39;argile,4006528698,1275678245
44,Diagrammes N° 26 Du 01/04/1959 - Le Siecle Du Petrole Par J. Guillerme Et Claude-Henri Rocquet,,569725834,1027001857
45,Rideau A Oeillets Plastique Polyester Uni Essentiel Lin 140 X 260 Cm,rêt-à-poser ce rideau s'installe facilement et vous fera gagner du temps    Composition: 100% Polyester    Ce rideau vous protégera des regards extérieurs et ne laissera pas passer la lumière    Dimension: 140 x 260 cm    Finition: 8 oeillets ronds PLASTIQUE    Plusieurs coloris dans cette collection ainsi que des Galettes de chaise des housses de coussin des nappes pour donner un coté original à votre interieur,2333136838,1136619798
46,Vassivière -En-Limousin.  Le Jardin Art Et Lieu De Mémoire,,444108636,1010065513
47,Shin Masoukishin Panzer Warfare (Import Jap),,8870838,868167157
48,Dragon Ball Z - Serie 3 - 13 - Francaise,,73334276,844838682
49,100pcs Premium Bâtons Bracelets Neon Light Glowing Party Favors Rallye Raves 9062 @Cocoworld,100PCS premium Bâtons Bracelets Neon Light Party Favors Glowing Rallye Raves Nous ne proposons pas le choix de la couleur et le style nous vous ferons parvenir le produit au hasard espérons que vous pouvez comprendre Feature: 100% tout neuf et haute. Quantité: 100PCS Couleur: Une variété de mélange de couleur aléatoire Mode d&#39;emploi: doucement seulement une pause le liquide dans les bâtons de Glo-alors mélanger immédiatement tube fluoresce.1 instantanée à l&#39;intérieur de l&#39;articulation a été adaptée faciliter plusieurs extension illimitée aussi peut être transformé en notre coloré une grande variété peut être utilisé pour: concerts salles de danse anniversaire fête mariage fête fête vacances célébration randonnée pédestre camping lieux tels que l&#39;éclairage et la décoration bâtons Glo-appartient à la taille : 05cm X 20cm contenu: 100PCS bâtons lumineux haut de gamme Bracelets Neon Light Party Favors Glowing Rallye Raves,3748234383,1240783666
50,Jeu Pc Cd-Rom : Azteca,,4232229083,1322918708
51,"One Piece Log 36 ""Impel Down Partie 2""",,4086457567,1288958984
52,Le Mot Le Plus Long,,272891494,1006538318
53,Testeur électronique de pH,Utilisation du Testeur électronique de pHGrâce au <strong>Testeur électronique de pH</strong> la lecture est instantanée la valeur s'affiche sans besoin d'interpréter. De plus le testeur sensibilise à l'importance du pH pour un bon équilibre de l'eau.Caractéristiques techniques du Testeur électronique de pH<li>Affichage numérique </li><li>Alimentation : 2 piles R9</li><li>Garantie 1 an</li><li>Une solution tampon est fournie afin de pouvoir recalibrer l'appareil aprés une dizaine d'utilisation vous garantissant un résultat fiable.</li>,207151480,941622055
54,Fate/Zero - Lot Mangas - Tome 1 À 5,,3691441491,1234869213
55,Moakoada®Abs Congélateur Teether Sensorielle Jouet Pour 0 À 12 Mois Les Bébés,ABS congélateur Teether sensorielle Jouet pour 0 à 12 mois les bébés Présentation du produit: soulagez votre TEETHING BÉBÉ ET MALAISE DE LA DOULEUR - rehausseurs sont maman et de papa de lifesavers pendant l&#39;étape de dentition. Ils fonctionnent comme des sucettes mais encore mieux avec les courbes et les textures qui massent les gencives de vos enfants et de stimuler la croissance de leurs dents. AIDER ENCOURAGER LE DÉVELOPPEMENT DU CERVEAU ET L&#39;APPRENTISSAGE TACTILE - Chaque bébé a une teether conception colorée d&#39;amusement et la texture qui fait vraiment bon pour bébé jouets sensorielles. Mis à part qu&#39;ils sont amusants à jouer ils offrent également l&#39;apprentissage visuel et tactile sans danger pour bébé. Ce jouet pour bébé sucette a une conception solide ou n&#39;a pas de petites pièces à mordre il est certainement bébés. AVEC FONCTION CONÇU DANS L&#39;ESPRIT - Le bébé jouet de dentition s&#39;adapte parfaitement dans la bouche de votre bébé mais il est juste la bonne taille pour ne pas poser un risque d&#39;étouffement. Les poignées sont conçus de sorte qu&#39;ils peuvent être facilement saisis par les petites mains. La conception fonctionnelle rend également chaque teether très facile à nettoyer et à ranger. ABS matériau non toxique est adopté ce qui peut être bouillie à emballage haute température: un ensemble de 10 pièces de bébé Conseils Teether: Cuites à haute température pendant moins d&#39;une demi-minute Ne pas utiliser l&#39;eau froide pour refroidir immédiatement après la désinfection sinon il provoque une déformation du produit. sinon il causera la déformation du produit. sinon il causera la déformation du produit.,3904025129,1262082265
56,Ne Regardez Pas Le Voleur Qui Passe,Depuis quatre ans le mensuel Marie Claire organise un concours auprès de ses lectrices et lecteurs lui permettant d'attribuer le Prix Marie Claire du futur écrivain. Cette année pour la première fois les auteurs de premiers romans étaient les seuls à participer. Sur un thème imposé ' Changer ' 300 manuscrits se sont disputé les faveurs d'un jury composé de journalistes d'éditeurs et d'enseignants de l'écriture. C'est à l'unanimité que le prix 2006 a été décerné à Isabelle Kauffmann pour son roman aussi insolite que captivant. Ne regardez pas le voleur qui passe entraîne le lecteur sur les traces de l'énigmatique Lose personnage inquiétant capable de voler des fragments de vie à ceux dont il croise le regard. Une quête haletante jusqu'au bout de l'étrange.,476383013,1071868057
57,Lot De 5 Livres Grans Peintres ,,1810701779,1102910727
58,Pompe de filtration Speck Badu 95,,4128438373,1295960377
59,Moakoada®Body Wrap Peau Autocollant Decal Pour Dji Phantom 4 Pro / Pro + Drone + Controller-Générique,Body Wrap peau autocollant Decal Pour DJI Phantom 4 Pro Drone &#43; contrôleur: Conçu pour DJI Phantom 4 Pro Drone et contrôleur (Compatible avec le contrôleur auto avec le moniteur) étanche &amp; amp; Ajustement parfait &amp; amp; décalcomanies de haute qualité. Protégez votre Drone et des égratignures et sale. Flexibilité à surface courbe haute étirable. Imperméable à l&#39;eau résistance aux rayures et anti-UV. Aucune trace peler laissant sans décalage nettoyage et entretien facile. Fournit la meilleure protection au drone et contrôleur. Caractéristiques: Matière: PVC (chlorure de vinyle) Couleur: Bleu Jaune Orange Rouge Vert noir Compatible avec: Phantom DJI 4 pro Quantité: 1 set Remarque: S&#39;il vous plaît nettoyer l&#39;endroit où la nécessité de coller. Si la température inférieure à 25 ? ou la colle pas plus forte enought s&#39;il vous plaît calorifiques par le ventilateur pour devenir plus fort. Emballé inclus:,3893192098,1260268384
60,7pcs Mobilier De Poupées Pot De Fleur En Plastique Décor Jardin Accessoires Pour 1/12 Maison De Poupée Jouet Cadeau Enfant Fille Magideal,<p><b>La description:</b></p><br /><p> Belle conception et excellente finition 7 pièces pot de pot en pot <br /> Fit pour les accessoires de décoration de jardin de fées de dollhouse à échelle 1:12 <br /> Une collection exquise pour les poupées un superbe ajout à toute maison traditionnelle de poupées <br /> Matériel: plastique <br /> Couleur: comme illustré <br /> Note: Risque d&#39;étouffement - Les petites pièces ne sont pas pour les enfants de moins de 3 ans </p><br /><p><b>Tableau des tailles:</b></p><br /><p> Round Pot: <br /> Hauteur: environ 1   2cm / 0.39   0.79 pouces <br /> Diamètre: Environ 15   22 cm / 059   087 pouce <br /><br /> Pot carré <br /> W x H: Environ 3 x 1cm / 1.18 x 0.39 pouces <br /> W x H: Environ 22 x 22 cm / 087 x 087 pouces (le plus élevé) </p><br /><p><b>Le forfait comprend:</b></p><br /><p> Pot de fleur miniature à 7 pièces Dollhouse <br /></p><br /><p><b>Remarque:</b></p><br /><p> En raison de la mesure manuelle veuillez prévoir des différences de taille de 1 à 2 mm </p><br />,4186310238,1314541269
61,Lot Pf38 - 15 Marque-Pages (Illustrations Vintage D'enfants Amoureux),,2255444083,1133554532
62,Largo 3 En 1 Poussette Combinée Parasol Siège Auto Poussette Canne Accessoires 80 Cosmique Noir & Créme,Largo Poussette 3 en 1 <br> Combinée combinée Set été complet (parasol Siège auto inclus les adaptateurs habillage pluie moustiquaire roues pivotantes air ect.)<br><br>EQUIPEMENT<br> La poussette 14 kg<br><br> - Conforme aux normes européennes de sécurité EN 1888:2003 + A1: 2005 + A2 2005 + A3 2005<br> - Châssis solide et léger<br> - Guidon réglable en hauteur<br> - Frein de sécurité haute qualité<br> - Facile à replier et peut encombrant<br> - Grand panier (capacité de charge élevée = 3 kg<br><br> Les roues<br><br> - Roues AIR / pneumatique<br> - Roues pivotantes qui se bloque aussi<br> - Roues pivotantes avec roulements é billes<br> - Roues avant 9 pouces (environ 236 cm) et des roues arriére 12 pouces (environ 30 cm)<br><br> Nacelle<br><br> - Couvre jambes<br> - Dossier réglable<br> - La nacelle fait rocking-chair <br> - Utilisable dés la naissance position allongée é 180° <br> - La nacelle peut étre clipser face parents et face é la route sur le châssis<br> - Nacelle amovible avec un fond rigide intérieure lavable capote amovible peut étre utiliser comme un couffin<br><br> Siège auto groupe 0 28 kg<br><br> - Conforme à la norme européenne de sécurité EU R 44/04<br> - Couvre jambes<br> - Position assise à 138°<br> - Poignée réglable en 3 positions<br> - Harnais de sécurité 2 points réglable<br> - Le Siège auto/cosy fait rocking-chair <br> - Le tissus est amovible et lavable é la main<br> - Utilisable de la naissance (livré avec un réducteur) jusqu é 10 kg<br> - ISOFIX en supplément est possible regardez dans notre boutique priceminister<br> - Le Siège auto/cosy peut étre clipser face parents et face é la route sur le châssis<br> - Fixation du siége grâce de la ceinture du véhicule qui offre une meilleure stabilité et évite une déplacement en cas de choc<br><br> Siége sport / Poussette canne 13 kg<br><br> - Conforme aux normes européennes de sécurité EN 1888<br> - Couvre jambes<br> - Poignée de sécurité<br> - Ceinture de sécurité 5 points<br> - Facile à replier et peut encombrant<br> - Poignée réglage dans différentes positions<br> - Repose jambes réglable sur plusieurs positions<br> - Dossier réglable en différents positions position couché<br> - Capote large pour protéger bébé des UV et des intempéries<br> - Le siége sport peut étre clipser face parents et face é la route sur le châssis<br><br> Accessoires<br><br> - Parasol<br> - Moustiquaire<br> - Sac à langer<br> - Habillage pluie<br> - Les adaptateurs<br><br> Dimensions / Poids<br><br> Matériel Intérieur: 100% coton | Extérieur: 100% polyester<br> Groupe cible unisex<br> Mécanisme de pliage pliant<br> Nacelle dimensions intérieures environ 72 x 32 x 16 cm<br> Hauteur poussette incl. hotte/capote fractionné environ 124 cm<br> Inclinables positions 100% en horizontal<br> Taille siége poussette canne environ 26 x 31 cm<br> Repose-pied poussette canne environ 22 x 31 cm<br> Dossier poussette canne environ 42 x 31 cm<br> Surface de couchage en position horizontale environ 90- cm | 155° dans la position horizontale. Le repose-pieds du siége sport peut étre mis dans une position horizontale<br> Poussette (avec roues) environ 80 x 61 x 124 cm<br> Châssis avec les roues environ 76 x 61 x 40 cm repliée<br> Châssis sans les roues environ 75 x 58 x 40 repliée<br> Poids de la poussette canne environ 13 kg<br> Poids de la poussette avec la nacelle environ 14 kg<br> Roues (diamétre) avant 25 cm - 9 pouces arriére 30 cm - 12 pouces<br> Roues (matériel) pneumatique<br> Guidon réglable en hauteur 70 - 117 cm<br> Nombre de roues 4 roues<br> Nombre de places 1 unité de siége<br>,845432910,1102363799
63,2.4g 6-Axis Wifi Fpv Drone 0.3mp Caméra Terre-Air-Saut 3mode Assemblez Deformation @Uapa5792-Générique,,3951008374,1268466271
64,AstralCom 1 CV Mono de DAB - Surpresseur piscine,Tension (V) : Monophasé - 230 V  Puissance : 1 CV  Turbine (nombre) : 4  Compatible traitement au sel : Oui ,1857269337,1105831362
65,Lot de 8 préfiltres jetables pour panier de skimmer - Marina,Lots de 8 pré-filtres jetables de la marque Marina. Universels ils sont compatibles avec touts les paniers de skimmer mesurant jusqu&#39;à 40 cm de diamètre.,2534214666,1190251480
66,Magnet Europe Paris 44,,46540267,332521213
67,Happy Halloween Sorcière Accueil Stickers Muraux Amovibles Art Décor Sticker Mural Shen 01,Happy Halloween Sorcière Accueil amovible Wallstickers décor Art Feature: 100% tout neuf et haute. Quantité: 1pc protection non toxique l&#39;environnement imperméable à l&#39;eau Grand pour la décoration d&#39;Halloween Taille: Comme l&#39;image Matière: PVC peut être appliqué sur toute surface lisse telle que mur porte en verre vitre carreaux de céramique dans la cuisine ou salle de bains électroménager  l&#39;air conditionné et le corps de voiture Comment utiliser: Choisissez une surface lisse propre et sec. Peler les autocollants de la feuille une par une position sur l&#39;adhésif d&#39;une surface plane sans les presser de sorte qu&#39;il laisse la possibilité de les retirer et de nouveau repositionner. Si le résultat est satisfaisant pour vous tenez fermement à la surface en appuyant sur les bulles d&#39;air vers l&#39;extérieur. Si elle a des bulles prenez une aiguille pour les ennuyer. Nettoyer la surface lisse avant de coller sur. Contenu de l&#39;emballage: 1xHalloween Wall Sticker,4200117001,1313789346
68,La France Illustree N° 179 - Le Doux Far-Niente.,Journal littéraire scientifique et religieux - Journal hebdomadaire. Sommaire : Texte : Chronique par Venet. ¿ Revue de la semaine par A. de S. ¿ Argenteuil par A. C. M. de C. . -Réunion des délégués des Sociétés savantes à la Sorbonne par X. ¿ Une visite artistique de la société française d¿archéologie par Alexandre de Salies. ¿ Assise souvenir d¿un pèlerinage en Italie par Léonce de la Kallàye. ¿ Beaux arts : les bas-reliefs du monument élevé à Mars-la-Tour à la mémoire des soldats français morts sur le champ de bataille par Argus ¿ Les Délassements hebdomadaires par Edme Simonot. ¿ Bibliographie par François Bouveau ¿ Nos gravures. ¿ Echecs par Emile Pradignat = Supplément : Avis importants.¿Notre Courrier par L. Roussel.Gravures : Le doux far nitnte. ¿ Argenteuil dessin de M. de Coulanges. ¿ Charge d¿infanterie charge de cavalerie : bas-reliefs du monument de Mars-la-Tour dessin de M. Mathieu. ¿ Eglise d¿Assise.¿Croquis par Cham. ¿ Rébus.,1512728698,1148435669
69,Encyclopédie Universalis 32 Vol. 1990,,289472891,984701340
70,Piscine gonflable de pulvérisation Forme Tortue 175x62 cm 1270 L,<p>Cette merveilleuse piscine de pulvérisation vous offrira des années de divertissement avec des amis ou des familles dans votre arrière-cour. Faite d&#39;une paroi en PVC laminé résistant à 3 couches cette piscine gonflable aura une capacité de jusqu&#39;à 1270 L. La piscine peut être installée de manière rapide et facile. Il suffit de poser la pataugeoire sur une surface plane de la gonfler et de remplir la piscine avec de l&#39;eau. Cette piscine a un raccordement pour une pompe à filtre (non incluse). En outre elle est facile à replier pour le stockage et le transport lorsqu&#39;elle n&#39;est pas utilisée. Elle convient aux enfants à partir de 3 ans.</p> <ul><li>Couleur : vert et jaune</li><li>Matériau : PVC</li><li>Dimensions totales : 175 x 62 cm (Diam. x H)</li><li>Diamètre de raccordement : 35 mm</li><li>Capacité : 1270 L</li><li>Paroi laminée à 3 couches et partition épaisse</li><li>Avec fonction de pulvérisation</li><li>Peut être connectée à un tuyau d&#39;arrosage</li><li>Installation facile et rapide</li><li>Convient aux enfants à partir de 3 ans</li></ul>,3929890128,1265209491
71,Xbox One 500 Giga Avc 3jeux Une Manette,,1366398939,1076659035
72,Lampe Star Wars - Lampe Neon Sabre Laser,Lampe néon taille env. 22 x 28 cm avec base d¿alimentation. ,1565732417,1090968564
73,Pot Marina Eda - Diamètre 25 Cm - 6 L - Rubis,<b>Pot Marina Eda - Diamètre 25 cm - 6 l - Rubis</b><br /><br /><br /><ul><li><b>Marque</b> : Eda</li><li><b>Référence fournisseur</b> : R018125 R.RU NP SX10</li><li><b>Gamme</b> : Marina</li><li><b>Type de produit</b> : Pot à fleur</li><li><b>Matière</b> : Plastique</li><li><b>Couleur</b> : Rubis</li><li><b>Hauteur</b> : 215 cm</li><li><b>Diamètre</b> : 25 cm</li><li><b>Contenance</b> : 6 l</li><li><b>Pays d&#39;origine</b> : France</li></ul>,2823144007,1166636908
74,Lot 3 Livres Partitions - Hector L'apprenti Musicien Vol. 1 & 2 & 3 - Debeda & Martin - Van De Velde,,1989328275,1118919143
75,Réponse À Tout ! 282,,258845359,979527054
76,60ml Halloween Head Ghost Mélange Nuage Slime Putty Parfumée Stress Enfants Clay Toy,60ML Halloween Head Ghost Mélange Nuage Slime Putty parfumée Stress Enfants Clay Toy Caractéristiques: Fabriqué avec des matières premières respectueuses de l&#39;environnement 100% sûr et non toxiques. Soyez assuré de jouer mais n&#39;eat.Safe pour les enfants à utiliser! non toxiques pour les enfants à jouer. Ne peut pas être mangé pas trop petits enfants. Parfait pour soulager le stress. Comme vous presser plier rouler et tirez la boue des hes de plaisir la satisfaction des bruits et un grand cadeau. choix de cadeau idéal pour les enfants. jouet de boue merveilleux pour les garçons et les filles. Grand soulagement du stress pour les adultes et les enfants Aucun Post-it - moins collant que des autres Fluffy Slime essayez donc la nôtre pour se débarrasser de adhésivité. Grande cohérence texture étonnante non friables et sec comme les autres et les argiles dohs Slime déjà terminé il suffit de prendre du pot et de trouver votre façon préférée de jouer avec cette boue pelucheux. idéal aussi pour les arts l&#39;artisanat et les projets scolaires en jouant visuel les enfants peuvent exercer ls mains d&#39;améliorer la motricité développer l&#39;oeil à la main de nouveaux éléments sont ajoutés Halloween pour vous faire jouer avec bonh avec vos enfants. Capacité produit: 60ml Paquet: 1 jouet PC Slime,4010224699,1276030225
77,Boite A Savons Metal Collection Moulin Rouge Cabaret La Goulue Paris,,684292602,1035262984
78,Crochets Plafond Crochets Coupe À Vis Des Crochets Suspendus Plantes Tasses Ustensiles De Cuisine 10pc Fournitures De Cuisine 13409,Plafond Crochets Coupe à vis des crochets Plantes suspendues Tasses ustensiles de cuisine Wind Chimes Caractéristiques: Installation facile: Faire un 1 2 pouces trou profond en utilisant un 1 8 pouces foret pour les bois tendres ou un peu 9 64 pouces pour les bois durs. longueur de vis: 2 cm 08 pouce; Taraudeuse peut facilement obtenir en bois: assez durable pour l&#39;extérieur. Accrochez carillons des lanternes des mangeoires d&#39;oiseaux lumières de patio les lumières de Noël ou d&#39;autres accoutrements de fête et d&#39;ornements de vacances. Utilisez un point d&#39;ancrage en cas de forage en plaques de plâtre dans le plafond sans goujon. longueur du crochet: 5 cm 2 pouces de longueur de vis: 2 cm 08 pouce en poids de palier maximum 3 kg. Crochets plafond et le mur durable Suspendez les plantes en pot et jardinières des lampes des lanternes des rideaux métalliques carillons éoliens baldaquins mobiles essuie-mains des boules de fleurs et divers objets décoratifs. Grand dans la cuisine pour accrocher des tasses des planches de boutures et des ustensiles. Tidy votre garde-robe en sacs à main ceintures suspendus et foulards. Le forfait comprend: 10 crochet de plafond xwhite,4182265443,1310653112
79,Squishies Adorable Pingouin Squeeze Rising Slow Crème Parfumée Stress Relief Jouets,Squishies adorable pingouin lente hausse Squeeze Crème Parfumée Stress Relief Jouets Description: Matériel: Elastic environnement PU Taille: environ 10x9x6cm3.94x3.54x2.36inches Style: sangles toycollectionscellphone Patron: Adorable Quantité Penguin: 1 pc âge applicable: plus de 6 ans Squishy: super lente montée quand vous regardez ils sont si mignons que vous pouvez vous sentir mieux ou même tous vos mauvais sentiments seront gone.It peut être un remède contre le stress. charme éponge est vraiment tactile confortable regard réaliste odorante et super mignons et kawaii charme doux pour téléphones mobiles sacs clés cadeaux collecte et plus encore! Aussi comme des jouets de soulagement du stress pour donner libre cours à vos émotions. Vous ne serez pas en mesure de garder vos mains sur ces Squishies montantes stupides super doux et très lent,4010221940,1276001955
80,Contrôleur De Jeu Mobile Tir Sensible Et But Joysticks Poignée Gamepad Pour Pubg,Contrôleur de jeu mobile Tir sensible et But Joysticks Poignée Gamepad Pour PUBG Caractéristiques principales: ergonomique et prise en main confortable tout simplement profiter de votre jeu. Pas d&#39;alimentation électrique et pilote nécessaire facile à utiliser de haute précision haute sensibilité. Le contrôleur de tir et le but peut être retourné pour une utilisation facile de l&#39;écran tactile. Téléphone Cooling Pad; Ventilateur silencieux et puissant vous donne le meilleur équilibre entre le silence et performance.No plus à vous soucier de votre téléphone portable surchauffe après le temps de jouer des jeux. Restez cool jouer cool! 4 doigts fonctionnent en même temps plus vite que l&#39;ennemi vous donnant une meilleure expérience de jeu. Périphériques pris en charge Jeux Périphériques: Compatible avec différentes tailles de téléphones intelligents à écran tactile. Tels que pour IOS / pour Samsung / pour Lumia / pour Huawe / pour Nokia / pour HTC etc. Tant que le téléphone dont la longueur est dans 4-6.3inch. par exemple pour PUBG pour couteaux tirés pour les règles de survie pour Fortnite pour Survivor Royale pour Ops critiques. etc. Réglage Instruction: Démarrez votre jeu et appuyez sur le bouton « Paramètres » - « Control » - bouton « Personnaliser » Déplacer le « feu » au sommet de coin gauche Déplacer le bouton « AIM » en haut de droite Régler le tournage et viser boutons sous le pavé tactile du contrôleur de jeu de téléphone portable « Enregistrer » vos paramètres et redémarrez votre jeu Conseils: selon différents modèles de téléphones mobiles s&#39;il vous plaît régler le bouton en fonction des circonstances. Une fois l&#39;installation terminée vous devez verrouiller votre écran démarrez le jeu à nouveau et ces boutons fonctionnent normalement. Contenu de l&#39;emballage: 1 x Gamepad mobile pour Ops critiques. etc. Réglage Instruction: Démarrez votre jeu et appuyez sur le bouton « Paramètres » - « Control » - bouton « Personnaliser » Déplacer le « feu » au sommet de coin gauche Déplacer le bouton « AIM » en haut de droite Régler le tournage et viser boutons sous le pavé tactile du contrôleur de jeu de téléphone portable « Enregistrer » vos paramètres et redémarrez votre jeu Conseils: selon différents modèles de téléphones mobiles s&#39;il vous plaît régler le bouton en fonction des circonstances. Une fois l&#39;installation terminée vous devez verrouiller votre écran démarrez le jeu à nouveau et ces boutons fonctionnent normalement. Contenu de l&#39;emballage: 1 x Gamepad mobile pour Ops critiques. etc. Réglage Instruction: Démarrez votre jeu et appuyez sur le bouton « Paramètres » - « Control » - bouton « Personnaliser » Déplacer le « feu » au sommet de coin gauche Déplacer le bouton « AIM » en haut de droite Régler le tournage et viser boutons sous le pavé tactile du contrôleur de jeu de téléphone portable « Enregistrer » vos paramètres et redémarrez votre jeu Conseils: selon différents modèles de téléphones mobiles s&#39;il vous plaît régler le...,3885602739,1258507989
81,Maquette D'avion Protective Silicone Cover Case With Lanyard For Dji Osmo Pocket Handheld Gimbal Scy90304102wh-Générique,Silicone CoverCase With Handheld Lanyard For DJI OSMO Pocket Protective AccessoriesFeatures:100% brand new and highquality.Protect fuselage anytimeand anywhere to prevent foreign body collision and scratch fuselagePrecision hole positionreserved microphone hole and TYPE-C jack at the bottom to ensure beautifuland protective functions without affecting the use.Hanging rope hole designwith the use of hanging rope to prevent loss and loss more convenient andmore secureMultifunctional hangingrope can be used as wrist rope alone can also be connected when hangingrope around the neck the length can be adjusted.Made of superior materialdurable to useCould protect the handleand is long lastingEasy to installNon-slip and dustproofSpecifications:Color: REDGRAYBLUEPurpleBlackWhiteMaterial: SiliconePackage Content:1 x Silicone Cover1 x Lanyard,4122557333,1294197004
82,Distributeur De Nourriture Tx2,Pour chat et petit chien. Grâce au timer intégré à ce distributeur les repas de votre compagnon seront servis à l&#39;heure ! Ce modèle est équipé de 2 compartiments 300 ml s&#39;ouvrant automatiquement à la fin de chacun des programmes. Inclus avec le distributeur deux Cool Packs pour se glisser sous chaque écuelle et maintenir la fraicheur des repas. Dimensions : 30 x 7 x 24 cm. Nettoyage facile. Pieds antidérapants.Les piles fournies permettent une utilisation d&#39;une année en moyenne.,532980611,1227615603
83,Vinyle Autocollant De Mur Stickers Home Decor Chambre Ramadan Kareem Ramadan Islam_C3488,Vinyle autocollant de mur Stickers Home Decor Chambre Ramadan Ramadhan Kareem Islam Caractéristiques: Fait de matériaux PVC protection non-toxiques et l&#39;environnement étanche amovible et réutilisable pour appliquer et à enlever est-il facile d&#39;une décoration élégante maison Vous pouvez l&#39;utiliser décorer le salon chambre à coucher et ainsi onSuitable pour toute surface plane et lisse comme fenêtre mur et céramique etc Matériel: PVC Couleur: Noir Taille: 45 x 150 cm / 1654 × 59.06inch Contenu du coffret: 1 x mur Remarques autocollant: en raison de la lumière et l&#39;écran de réglage différence la couleur de l&#39;élément peut être légèrement différent des images. S&#39;il vous plaît permettre une légère différence de dimension en raison de différentes mesures manuelles.,4213435883,1317732300
84,Bâche hiver pour piscine Toledo - 280 gr/m² - Bleu,<p>Bâche hiver pour piscine Toledo - 280 g/m² - Ourlet de renfort - Sandow périphérique - Trous d&#39;évacuation pour eaux pluviales - Fabrication française</p>Descriptif : Bâche hiver pour piscine Toledo rectangulaire - ¿illet tous les mètres - Bleu dessus - Livrée avec crochets plastiques hors sol - Protection de votre bassin contre salissures et feuilles - très résistante - légère et facile à mettre en place -.Matière : Polyéthylène tissé 280 gr/m².Dimensions de la bâche : 2 x 3 m.Poids : 1 kg.Colisage : 1 colis : - 1 x 1 x 1 m 1 kg.,1158987675,1065997226
85,Lot De 6 Chaises De Salle À Manger Style Industriel Factory Métal Gris Cds09221,<p>Lot de 6 chaises en métal robuste et intemporel <br />Chaise empilable <br />Revêtement en poudre<br />Pieds en caoutchouc <br />Hauteur de selle: 45 cm <br />Assise LxPxH: 35x355 cm <br />largeur x profondeur: 45x46 cm <br />Hauteur du dossier: 41 cm <br />Poids: 45 KG <br />Capacité de charge jusqu&#39;à 150 kg<br />Couleur: gris<br />Disponible en lot de 2 4 et 6.<br />Nous ne faisons pas d&#39;expédition sur les îles (Corse inclue) Monaco et les DOM/TOM<br />Décoshop26 CDS09221</p>,969179882,1050686036
86,Xbox 360 Élite Noire 250go + 5 Jeux + Une Manette Et Un Micro,,298737347,991347135
87,Sacs De Couverture De Bouteille De Bière Décoration Maison Party Banquet Pour Independence Day Fournitures De Cuisine 5878,Bouteille de bière Couverture Sacs Décoration Maison Party banquet pour l&#39;indépendance du Day: 100% tout neuf et de haute qualité Size11 * 6.5cm Couleur: Comme le montrent l&#39;image Il est coloré mignon et un Esprit Vacances de Booster Matériel: fibres acryliques Contenu: 1pc Bouteille de bière Des sacs,4182233005,1310308772
88,Hello Kitty Ugly Doll Ox - 7 In Plush,p7 inch plush features Hello Kitty dressed as an Ugly Doll.p,3249398687,1201827372
89,Trodat Lot De 5 Cassettes Encreur De Rechange Pour Tampon 6/44045e Violet,K7 encreur de rechange pour tampon 6/44045E VioletPour une utilisation avec les tampons Trodat : 44045,535993293,1023325242
90,Idrasoft 5600 SXT - 30 L de marque Idrania - Catégorie Adoucisseur d'eau,Idrasoft 5600 SXT - 30 L de Idrania - Adoucisseur d&#39;eau,2050109964,1123155510
91,Bâche de piscine bleue rectangulaire en PE 450 x 220 cm | Bleu,Cette bâche solaire de piscine repose directement sur la surface de l&#39;eau à l&#39;intérieur des bords de la piscine et peut élever la température de l&#39;eau de votre piscine jusqu&#39;à 1 ° C en fonction de la quantité de rayonnement solaire direct. Dotées de bulles d&#39;air en PE sur toute sa surface elle possède d&#39;excellentes propriétés de rétention de la chaleur. C&#39;est le moyen le moins cher pour chauffer votre piscine. De plus elle contribue à réduire l&#39;utilisation de produits chimiques ainsi que l&#39;évaporation de l&#39;eau. La bâche étant légère son installation et sa manipulation sont très faciles. Contenu de la livraison: 1 x bâche de piscine solaire (450 x 220 cm) <ul><li>Coloris: Bleu</li><li>Dimensions: 450 x 220 cm (L x P)</li><li>Matériau: Film PE épais avec des bulles d&#39;air</li><li>Matériel: PVC: 100%</li></ul>,3855161611,1253151856
92,Coussin En Peluche Canapé Taille Coussin Throw Cover Home Decor Coussin Case Cover,,4159399664,1303739592
93,Lego® -Le Manège Sous-Marin Friends Jeux De Construction 41337 Multicolore,,4211078394,1316896303
94,Herma Lot De 5 Protège-Cahiers Format A5 En Pp Bleu Transparent,,2852954663,1168125620
95,Magasin Zhufuwme:English Alphabet Coussin Imprimer Coussin Fleur Taie Couverture Chambre Décoration,English Alphabet Coussin Imprimer Coussin Fleur Taie Couverture Chambre Décoration points de vente des produits: Facile à changer fermeture à glissière invisible super lisse pour faciliter l&#39;insertion et le lavage. Fermeture à glissière invisible peut être ouvert autour 32-34cm pour l&#39;insertion de coussin. Mesures: 18x18 pouces adapté pour 18x18 insert pouces. Machine à laver séparément à doucement cycle seulement pas de javel sèche-linge à faible Partageons nos housse de coussin sur votre canapé il est assez doux pour se reposer confortablement sur eux en regardant la télévision. Utilisez cette housse de coussin en lin pour protéger votre enfant quand vous jouez avec votre enfant sur le sol. Spécification: Matériel: Polyester Couleur: Noir Forme: Taille place: env. 17.5x17.5 IN (45x45 CM) (s&#39;il vous plaît permettre la déviation 1-2cm) Fermeture: fermeture à glissière cachée Avis: S&#39;il vous plaît permettre erreur 1-2cm en raison de la mesure manuelle. Pls assurez-vous que vous ne me dérange pas avant que vous offriez. Les couleurs peuvent avoir différentes que l&#39;affichage de différence pls comprendre. Si vous avez des problèmes s&#39;il vous plaît nous contacter avant d&#39;ouvrir le différend ou donner une rétroaction négative nous ferons de notre mieux pour vous aider je vous remercie! Le paquet contient: 1 x Taie d&#39;oreiller (Oreiller interne ne sont pas inclus),4044463867,1280265865
96,Voici N°1231 Marion Cotillard & Son Fils Marcel Jennifer Aniston Arturo Brachetti Luc Ferry Ycare (Interview) Barbara Morel Robbie Williams Jade Foret Kim Kardashian & Kris Humphries,,4137157149,1297907405
97,Carnet De Notes Bloc-Notes Cahierles Yeux En Forme De Fleurs Pourpres Cr¿®Ne Culture Illustration Les Carnets De Travail Classique Sur Support Papier Cadeau Tissu,Taille: En format A5 (144 cm x 21 cm) Caract¿¿ristique: -Excellente durabilit¿¿ avec couverture solide design. 96 pages jaune pale (recto et verso) -Texture de papier de haute qualit¿¿:  ¿¿crire facilement sur et assez ¿¿paisse.,4159071251,1303628870
98,It - Bobble Head Pop N° 539 - Beverly With Key Necklace,,3294453709,1204635212
99,4pcs Haut De Gamme De Vaisselle Couverts En Acier Inoxydable Couverts Fourchette Cuillère,4pcs Set en acier inoxydable Haut de gamme Vaisselle Couverts Couverts Fourchette Cuillère Caractéristiques: 100% Marque New- parties non utilisées Compact et exquis en acier inoxydable de haute qualité Très pratique et pratique et contre la corrosion et anti - oxydation peut être utilisé pendant une longue période en forme de parabole élégante simple corps formes souligne les matières premières de haute qualité L&#39;article est disponible en cinq couleurs: noir argent or or rose multicolore Spécification: matériel: acier inoxydable: multicolore Longueur: cuillère à thé: env. 15cm cuillère soupe: env. 20cm fourchette: env. 19.5cm Couteau: env. 21.5cm Le paquet contient: 1 x Petite cuillère 1 x cuillère soupe 1 x Fourchette 1 x Couteau Note:,3908951214,1262570063
